{
  "train_loss": [
    0.445431862665393,
    0.20152397642218928,
    0.1837840441394963,
    0.18068754089106737,
    0.16723393402559786
  ],
  "val_loss": [
    0.19175458704172516,
    0.18462317581138304,
    0.20205115083893707,
    0.19961066681075262,
    0.16684550911653942
  ],
  "train_accuracy": [
    0.753477537437604,
    0.917936772046589,
    0.9246256239600665,
    0.9254575707154742,
    0.9291514143094842
  ],
  "val_accuracy": [
    0.9205187894911873,
    0.9233455271034253,
    0.9210176255404057,
    0.8969072164948454,
    0.9346524775523778
  ],
  "learning_rate": [
    0.002,
    0.002,
    0.002,
    0.002,
    0.002
  ]
}