{
  "train_loss": [
    0.6048451974963189,
    0.30330503772975204,
    0.22096296196174303,
    0.18421534091581324,
    0.1727347656405111
  ],
  "val_loss": [
    0.3717544731564168,
    0.22809788801264122,
    0.17964868135267134,
    0.16320600613114206,
    0.15787270837372072
  ],
  "train_accuracy": [
    0.6463893510815307,
    0.8748086522462563,
    0.9103826955074875,
    0.9241597337770383,
    0.9292845257903494
  ],
  "val_accuracy": [
    0.8724642500831393,
    0.905054871965414,
    0.925673428666445,
    0.9329896907216495,
    0.9364815430661789
  ],
  "learning_rate": [
    0.002,
    0.002,
    0.002,
    0.002,
    0.002
  ]
}
