{
  "architecture": "gat",
  "seeds": [
    13,
    37,
    73
  ],
  "mean_gap_mean": 0.5135365480821034,
  "median_gap_mean": 0.15564211760487978,
  "feasibility_rate_mean": 1.0
}
