{
  "index": 2,
  "spearman_ratio": 0.9101214574898786,
  "spearman_value": 0.6461538461538462,
  "spearman_weight": -0.5303643724696356,
  "base_value": 1166.0,
  "base_weight": 982.0,
  "base_gap": 0.5967604433077579,
  "capacity_minus5": {
    "value": 1140.0,
    "weight": 944.0,
    "hamming_distance": 2
  },
  "capacity_plus5": {
    "value": 1196.0,
    "weight": 1038.0,
    "hamming_distance": 1
  }
}
