{
  "train_loss": [
    0.6174326155407853,
    0.2921314363030348,
    0.20771596886800253,
    0.19830216585598057,
    0.18992245307530023
  ],
  "val_loss": [
    0.4152581380685778,
    0.2312734419864636,
    0.19934591245603672,
    0.18199123102474102,
    0.18206960032469496
  ],
  "train_accuracy": [
    0.6132778702163062,
    0.8919467554076539,
    0.9164725457570716,
    0.9188352745424293,
    0.9205990016638935
  ],
  "val_accuracy": [
    0.7194878616561357,
    0.8965746591286997,
    0.9153641503159295,
    0.9221815763219156,
    0.9228466910542068
  ],
  "learning_rate": [
    0.002,
    0.002,
    0.002,
    0.002,
    0.002
  ]
}
